company,Bearish,Bullish,Neutral,Total_Post_Count
GME,56.0,117.0,49.0,222.0
AMC,17.0,55.0,14.0,86.0
UWMC,5.0,12.0,4.0,21.0
TSLA,4.0,11.0,3.0,18.0
PLTR,4.0,9.0,2.0,15.0
RKT,5.0,9.0,1.0,15.0
TWTR,1.0,5.0,6.0,12.0
BB,3.0,3.0,4.0,10.0
NOK,2.0,4.0,2.0,8.0
EV,3.0,3.0,2.0,8.0
KMPH,1.0,2.0,5.0,8.0
FTEK,0.0,6.0,0.0,6.0
NDAQ,2.0,4.0,0.0,6.0
SNDL,2.0,3.0,1.0,6.0
F,0.0,4.0,1.0,5.0
SPY,3.0,0.0,2.0,5.0
PLUG,1.0,4.0,0.0,5.0
REVG,1.0,3.0,0.0,4.0
GOEV,0.0,1.0,3.0,4.0
BABA,0.0,3.0,1.0,4.0
C,0.0,4.0,0.0,4.0
TR,0.0,3.0,1.0,4.0
OPEN,0.0,4.0,0.0,4.0
GPRO,1.0,3.0,0.0,4.0
AAPL,0.0,4.0,0.0,4.0
XL,0.0,3.0,1.0,4.0
FNKO,1.0,2.0,1.0,4.0
AMD,1.0,2.0,1.0,4.0
RIOT,2.0,1.0,0.0,3.0
RIDE,1.0,1.0,1.0,3.0
FSR,1.0,1.0,1.0,3.0
TLRY,1.0,1.0,1.0,3.0
RSI,1.0,2.0,0.0,3.0
FB,2.0,1.0,0.0,3.0
GOLD,0.0,3.0,0.0,3.0
UWM,0.0,1.0,2.0,3.0
NIO,1.0,1.0,1.0,3.0
USD,2.0,1.0,0.0,3.0
SOS,0.0,2.0,1.0,3.0
IMO,0.0,3.0,0.0,3.0
VIAC,0.0,3.0,0.0,3.0
PFE,0.0,3.0,0.0,3.0
MSFT,0.0,2.0,1.0,3.0
R,0.0,3.0,0.0,3.0
AI,1.0,2.0,0.0,3.0
NFLX,1.0,1.0,1.0,3.0
GUSH,0.0,2.0,0.0,2.0
DS,0.0,0.0,2.0,2.0
MNKD,0.0,2.0,0.0,2.0
EVFM,1.0,1.0,0.0,2.0
EXPI,0.0,2.0,0.0,2.0
JNJ,0.0,2.0,0.0,2.0
NKLA,0.0,2.0,0.0,2.0
LC,0.0,2.0,0.0,2.0
JP,1.0,1.0,0.0,2.0
IP,0.0,1.0,1.0,2.0
INTC,0.0,1.0,1.0,2.0
PENN,1.0,0.0,1.0,2.0
PG,0.0,1.0,1.0,2.0
POWW,1.0,1.0,0.0,2.0
AAL,0.0,2.0,0.0,2.0
MRNA,0.0,2.0,0.0,2.0
UI,2.0,0.0,0.0,2.0
AMZN,0.0,1.0,1.0,2.0
DIS,0.0,2.0,0.0,2.0
UBER,1.0,1.0,0.0,2.0
CCIV,2.0,0.0,0.0,2.0
TWLO,0.0,2.0,0.0,2.0
VG,0.0,2.0,0.0,2.0
WAT,1.0,0.0,1.0,2.0
ARKK,0.0,2.0,0.0,2.0
STAR,1.0,1.0,0.0,2.0
BLK,1.0,1.0,0.0,2.0
NKE,1.0,0.0,0.0,1.0
XOM,1.0,0.0,0.0,1.0
POOL,0.0,0.0,1.0,1.0
Z,1.0,0.0,0.0,1.0
PM,0.0,1.0,0.0,1.0
UPWK,0.0,1.0,0.0,1.0
XT,0.0,1.0,0.0,1.0
V,0.0,1.0,0.0,1.0
PINC,0.0,1.0,0.0,1.0
MSTR,1.0,0.0,0.0,1.0
VALE,0.0,1.0,0.0,1.0
MU,0.0,1.0,0.0,1.0
NBRV,1.0,0.0,0.0,1.0
VXX,0.0,1.0,0.0,1.0
W,0.0,1.0,0.0,1.0
XPEV,0.0,1.0,0.0,1.0
WBA,0.0,1.0,0.0,1.0
PDD,0.0,1.0,0.0,1.0
ORAN,0.0,1.0,0.0,1.0
WELL,0.0,1.0,0.0,1.0
WH,0.0,1.0,0.0,1.0
QQQJ,0.0,1.0,0.0,1.0
NEOS,1.0,0.0,0.0,1.0
WMT,0.0,1.0,0.0,1.0
OMI,1.0,0.0,0.0,1.0
NWSA,0.0,1.0,0.0,1.0
WRAP,1.0,0.0,0.0,1.0
WRE,0.0,1.0,0.0,1.0
WTI,0.0,1.0,0.0,1.0
WISH,0.0,1.0,0.0,1.0
SON,0.0,1.0,0.0,1.0
UNFI,0.0,1.0,0.0,1.0
SREV,0.0,1.0,0.0,1.0
SWBI,0.0,1.0,0.0,1.0
SENS,0.0,0.0,1.0,1.0
STNG,0.0,1.0,0.0,1.0
SFM,0.0,1.0,0.0,1.0
SIZE,0.0,1.0,0.0,1.0
SRNE,0.0,0.0,1.0,1.0
SJR,0.0,0.0,1.0,1.0
SBUX,0.0,1.0,0.0,1.0
MRO,0.0,1.0,0.0,1.0
SKY,1.0,0.0,0.0,1.0
SLDB,0.0,1.0,0.0,1.0
SMH,1.0,0.0,0.0,1.0
SNAP,0.0,1.0,0.0,1.0
SPCX,1.0,0.0,0.0,1.0
SEAS,0.0,1.0,0.0,1.0
SAVA,0.0,1.0,0.0,1.0
ULTA,0.0,1.0,0.0,1.0
RNG,0.0,1.0,0.0,1.0
UEC,0.0,0.0,1.0,1.0
UBS,0.0,1.0,0.0,1.0
RAD,1.0,0.0,0.0,1.0
RDFN,1.0,0.0,0.0,1.0
TX,0.0,1.0,0.0,1.0
TTC,0.0,1.0,0.0,1.0
RNWK,1.0,0.0,0.0,1.0
RTX,0.0,1.0,0.0,1.0
ROG,0.0,0.0,1.0,1.0
TRUE,0.0,1.0,0.0,1.0
TLT,0.0,1.0,0.0,1.0
ROOT,0.0,0.0,1.0,1.0
TEAM,0.0,1.0,0.0,1.0
TAP,1.0,0.0,0.0,1.0
SKLZ,0.0,1.0,0.0,1.0
KEY,0.0,1.0,0.0,1.0
MKSI,0.0,1.0,0.0,1.0
CLSK,0.0,1.0,0.0,1.0
BP,0.0,1.0,0.0,1.0
BR,0.0,1.0,0.0,1.0
CAR,0.0,1.0,0.0,1.0
CAT,0.0,0.0,1.0,1.0
CCJ,0.0,0.0,1.0,1.0
CCL,0.0,1.0,0.0,1.0
CHWY,0.0,0.0,1.0,1.0
CIA,0.0,0.0,1.0,1.0
CLF,1.0,0.0,0.0,1.0
CLOV,0.0,0.0,1.0,1.0
CMS,1.0,0.0,0.0,1.0
BNTX,0.0,1.0,0.0,1.0
COHR,0.0,1.0,0.0,1.0
COUP,0.0,1.0,0.0,1.0
CRSR,0.0,1.0,0.0,1.0
CRWD,0.0,1.0,0.0,1.0
CSTL,1.0,0.0,0.0,1.0
CSU,0.0,0.0,1.0,1.0
CTLT,0.0,1.0,0.0,1.0
CTSO,0.0,0.0,1.0,1.0
DASH,1.0,0.0,0.0,1.0
DBI,0.0,1.0,0.0,1.0
BOOM,0.0,1.0,0.0,1.0
BIDU,0.0,1.0,0.0,1.0
DISCK,0.0,1.0,0.0,1.0
ASO,0.0,0.0,1.0,1.0
ABBV,0.0,1.0,0.0,1.0
ABNB,0.0,1.0,0.0,1.0
ADMP,1.0,0.0,0.0,1.0
AIR,1.0,0.0,0.0,1.0
ANTM,0.0,1.0,0.0,1.0
APG,0.0,1.0,0.0,1.0
APHA,1.0,0.0,0.0,1.0
API,0.0,1.0,0.0,1.0
APPN,0.0,1.0,0.0,1.0
ASAN,0.0,1.0,0.0,1.0
ATH,0.0,0.0,1.0,1.0
BEST,0.0,1.0,0.0,1.0
ATI,0.0,1.0,0.0,1.0
AVEO,1.0,0.0,0.0,1.0
AZN,0.0,1.0,0.0,1.0
BA,0.0,1.0,0.0,1.0
BAC,0.0,1.0,0.0,1.0
BAND,0.0,1.0,0.0,1.0
BBBY,0.0,1.0,0.0,1.0
BBW,1.0,0.0,0.0,1.0
BC,0.0,0.0,1.0,1.0
BCS,0.0,1.0,0.0,1.0
DISCA,0.0,1.0,0.0,1.0
DKNG,0.0,1.0,0.0,1.0
MAXR,0.0,1.0,0.0,1.0
JE,0.0,1.0,0.0,1.0
HIMS,1.0,0.0,0.0,1.0
HOPE,0.0,1.0,0.0,1.0
HUGE,0.0,1.0,0.0,1.0
IBKR,0.0,1.0,0.0,1.0
IDXX,0.0,1.0,0.0,1.0
IIVI,0.0,1.0,0.0,1.0
INMD,1.0,0.0,0.0,1.0
INO,0.0,1.0,0.0,1.0
IQ,1.0,0.0,0.0,1.0
J,0.0,1.0,0.0,1.0
KMX,1.0,0.0,0.0,1.0
HAL,0.0,1.0,0.0,1.0
KT,0.0,0.0,1.0,1.0
LE,0.0,1.0,0.0,1.0
LEN,0.0,1.0,0.0,1.0
LITE,0.0,1.0,0.0,1.0
LMND,1.0,0.0,0.0,1.0
LOGI,0.0,1.0,0.0,1.0
LOW,0.0,1.0,0.0,1.0
LUMN,0.0,1.0,0.0,1.0
LYFT,1.0,0.0,0.0,1.0
MARA,1.0,0.0,0.0,1.0
HEAR,0.0,1.0,0.0,1.0
H,0.0,1.0,0.0,1.0
DSL,0.0,1.0,0.0,1.0
FLNT,0.0,1.0,0.0,1.0
DTE,0.0,1.0,0.0,1.0
EAF,1.0,0.0,0.0,1.0
EDU,1.0,0.0,0.0,1.0
ENB,0.0,1.0,0.0,1.0
ENZ,0.0,1.0,0.0,1.0
EXPE,0.0,1.0,0.0,1.0
EYE,0.0,1.0,0.0,1.0
FAST,0.0,1.0,0.0,1.0
FCEL,0.0,1.0,0.0,1.0
FE,0.0,1.0,0.0,1.0
FLY,0.0,0.0,1.0,1.0
GM,0.0,0.0,1.0,1.0
FOLD,0.0,1.0,0.0,1.0
FOSL,0.0,0.0,1.0,1.0
FUBO,1.0,0.0,0.0,1.0
G,0.0,0.0,1.0,1.0
GE,0.0,1.0,0.0,1.0
GENE,1.0,0.0,0.0,1.0
GEO,0.0,1.0,0.0,1.0
GL,0.0,1.0,0.0,1.0
GLAD,0.0,1.0,0.0,1.0
GLD,0.0,1.0,0.0,1.0
ZG,1.0,0.0,0.0,1.0
